ID-MEMBRO	RELEVANTE	AUTORES	TITULO	ANO	NATUREZA	ITEM
{19}		FRANCO, V. H.; ROCHA, H. C.; DANTAS, A. A. N.; MENDES, T. A.; ASSIS, A. P.	Practical approach for the control of surface settlements due to TBM tunnelling during excavation by following up of monitoring	2024	ITA-AITES World Tunnel Congress 2024. (Congresso)		
{18}		DE OLIVEIRA, S. B.	Processos Hidrotecnológicos Sustentáveis	2023	3º Encontro Nacional de Química Sustentável. (Conferencia)		
{1}		DOS SANTOS, A. M.; AVILA, G. S. D.; FERREIRA, P. F. M.	EDUCAÇÃO PARA O TRÂNSITO POR MEIO DA EXTENSÃO UNIVERSITÁRIA	2023	7º Fórum Goiano de Mobilidade e 7º MAET. (Outra)		
{19}		MENDES, T. A.; PEREIRA, S. A. S.; REBOLLEDO, J. F. R.; FORMIGA, K. T. M.	DEVELOPMENT OF EQUIPMENT AND SOFTWARE LOW COST FOR PROCESSES MONITORING EROSIVE IN THE FIELD	2023	Escola Interdisciplinar FAPESP 2023, Ciências Exatas e Naturais, Engenharias e Medicina. (Outra)		
{19}		MORAIS, V. P. C.; JUNIOR MERABET, J. C. F.; MASCARENHA, M. M. A.; MENDES, T. A.; SALES, M. M.; LUZ, M. P.	ESTUDO DA VARIABILIDADE DE ENSAIOS LABORATORIAIS EM UM SIMULADOR DE CHUVA	2023	4º Congresso Internacional de Hidrossedimentologia. (Congresso)		
{18}		OLIVEIRA, S. B.	Biomassa e Bioenergia - Soluções Sustentáveis com o Uso de Resíduos	2023	V Escola de Química e VI SMAT. (Conferencia)		
{18}		OLIVEIRA, S. B.; DA SILVA, C. P.; BARBOSA, D. P.; DIAS, I. M.; ALONSO, C. G.	Água supercrítica aplicada no tratamento de efluentes de indústria de edulcorantes	2023	62º Congresso Brasileiro de Química. (Congresso)		
{18}		OLIVEIRA, S.; BARBOSA, D. P.; SILVEIRA, J. R.; TERAN, F. J. C.	Remoção de surfactante aniônico em reator biológico de leito fluidizado preenchido com hidrocarvão polimérico	2023	62º Congresso Brasileiro de Química. (Congresso)		
{19}		PEREIRA, T. S. R.; CARVALHO, T. P. T. P.; SANTOS, K. A.; REIS, G. C.; DUARTE, L. V.; RIBEIRO, H. J.; MOURAOLIVEIRA, J.; CASTILHO, J. H.; FORMIGA, K. T. M.; MENDES, T. A.	MODELAGEM DE INUNDAÇÃO 1D/2D COM HEC-RAS E MDEs LIDAR E COPERNICUS DEM	2023	XXV Simpósio Brasileiro de Recursos Hídricos e do 1º Fórum Latino-Americano da Água. (Simposio)		
{19}		RATTIA, V. H. F.; ROCHA, H. C.; MENDES, T. A.; DANTAS, A. A. N.	Tunnels in tropical soils ? A sensibility analysis of soil parameters applied on the construction of Line 5 of the São Paulo Metro	2023	18th World Conference of the Associated Research Centers for the Urban Underground Space - ACUUS 2023 Conference (Singapore). (Conferencia)		
{1}		SANTOS, A. M. D.	Geotecnologias Aplicadas as Análises em Engenharia	2023	Geotecnologias Aplicadas as Análises em Engenharia. (Conferencia)		
{19}		SANTOS, K. A.; CORTES, J. B. R.; MENDES, T. A.; GITIRANA, G. F. N.; FORMIGA, K. T. M.	Using Terrestrial Laser Scanner To Validate The Performance Of Low-Cost UAV On A Monitoring Sedimentological Change In An Urban Channel	2023	15° International Symposium on River Sedimentation. (Simposio)		
{19}		SANTOS, R. C. M.; SILVA, M. E. W. C.; LUZ, M. P.; MENDES, T. A.; JUNIOR MERABET, J. C. F.	ESTUDO DA ERODIBILIDADE DE SOLOS COM COBERTURA DE GEOSSINTÉTICOS EM LABORATÓRIO	2023	II Jornada Científica da Escola Politécnica e de Artes da PUC Goiás. (Outra)		
{8}		SCHIMIDT, F.	Minicurso 'Modelos de regressão e classificação em Python utilizando a biblioteca PyCaret'	2023	6a. Escola de Inverno de Quimiometria. (Congresso)		
{18}		AHMADI, S.; YAAH, V. B. K.; OJALA, S.; OLIVEIRA, S.	Photocatalytic removal of amoxicillin using BiOBrand Bi3O4Br catalysts	2022	14 Encontro Brasileiro de Adsorção. (Congresso)		
{18}		ALMEIDA, M. G.; ALVES, A. J.; OLIVEIRA, S.	ESTUDOS TÉCNICOS E ECONÔMICOS EM SISTEMA HÍBRIDO DE GERAÇÃO DE ENERGIA SOLAR FOTOVOLTAICA E AQUECIMENTO DE ÁGUA	2022	15º Seminário de Iniciação Científica e Tecnológica (15º SICT/IFG/2022). (Seminario)		
{18}		ALVES, A. C. F.; OLIVEIRA, S.; SCALIZE, P. S.	Synthesis and characterization of polymeric hydrochar and polymeric activated carbonapplied to the adsorption of the bisphenol-A emerging contaminant.	2022	14 Encontro Brasileiro de Adsorção. (Congresso)		
{18}		OLIVEIRA, S.	BIOMASSA E BIOENERGIA	2022	Semana da Engenharia - IFG 2022. (Conferencia)		
{18}		OLIVEIRA, S.	Hidrogênio Natural	2022	Semana da Engenharia - IFG 2022. (Conferencia)		
{18}		OLIVEIRA, S. B.	Uso da técnica de carbonização hidrotermal (HTC) na preparação de adsorventes ativos	2022	14 Encontro Brasileiro de Adsorção. (Conferencia)		
{18}		OLIVEIRA, S. B.; OLIVEIRA, S. B.	Dia do Campo do Projeto Rural Sustentável - Cerrado	2022	Dia do Campo do Projeto Rural Sustentável - Cerrado. (Conferencia)		
{18}		OLIVEIRA, S.; MENEZES, S. M. C.	Físico-Química - Carbonização Hidrotermal: Preparação de Adsorventes e Catalisadores	2022	35º Congresso Latino Americano de Química / 61º Congresso Brasileiro de Química. (Congresso)		
{15}		OLIVEIRA, L.; NASCIMENTO, E. O.; ANTONIO, P. L.; CALDAS, L. V. E.	ETHYLENE-VINYL ACETATE DETECTOR EXPOSED TO GAMMA RADIATION AND EVALUATED VIA PRINCIPAL COMPONENT REGRESSION	2021	First Latin-American Congress on Solid State Dosimetry and Radiation Measurements. (Congresso)		
{15}		OLIVEIRA, L.; NASCIMENTO, E. O.; ANTONIO, P. L.; CALDAS, L. V. E.	PLASTIC BOTTLE CAPS AS RADIATION DETECTORS FOR HIGH GAMMA RADIATION DOSES	2021	First Latin-American Congress on Solid State Dosimetry and Radiation Measurements. (Congresso)		
{7}		SA, F. P.; ANDRADE, F. M. S. M.; BORGES, E. C. L.; DELMOND, K. A.	Lixo, não! ? Resíduos sólidos e tecnologias para geração de energia	2021	Campus Party Híbrida Goiás. (Conferencia)		
{18}		DE OLIVEIRA, S. B.	Produção de Biogás e Reuso de Água: Eficiência Energética	2020	17ª Semana Nacional de Ciência e Tecnologia. (Conferencia)		
{7}		FARIAS, I. V.; SA, F. P.; BORGES, E. C. L.	Determinação da Qualidade da Água Destilada e Deionizada pelo Tempo de Armazenamento	2020	13º Seminário de Iniciação Científica e Tecnológica do IFG. (Seminario)		
{18}		OLIVEIRA, S.; FARIA, G. M.; BARBOSA, D. P.; CHAGAS, R. P.; MAKI-ARVELA, P.	Synthesis and characterization of superbasic polymeric mesoporous carbon via hydrothermal carbonization applied in the epoxide cycloaddition reaction with CO2	2020	ICFUTURE2020 ?International Conference on Imaging and Characterization ?Future Technologies and Applications. (Congresso)		
{18}		OLIVEIRA, S.; YAAH, V. B. K.; OJALA, S.	Development and characterization of carbon containing photocatalysts for the removal of pharmaceuticals in water	2020	ICFUTURE2020 ?International Conference on Imaging and Characterization ?Future Technologies and Applications. (Comunicacao)		
{18}		PARADA, G. F. J.; BARBOSA, D. P.; OLIVEIRA, S.	Silver hybrid catalyzers for photocatalysis nitrate water supply	2020	ICFUTURE2020 ?International Conference on Imaging and Characterization ?Future Technologies and Applications. (Congresso)		
{7}		PONTES, T. C. A.; SA, F. P.; BORGES, E. C. L.	O Impacto da Poluição do Ar no Ambiente de Trabalho	2020	13º Seminário de Iniciação Científica e Tecnológica do IFG. (Seminario)		
{18}		RIBEIRO, T. S. S.; MOURAO, L. C.; SOUZA, G. B. M.; SOUZA, P. L. M.; FILHO CARDOZ, L.; DE OLIVEIRA, S. B.; ALONSO, C. G.	Treatment of hormone industry wastewater by supercritical water oxidation for fuel gas production	2020	ICFUTURE2020 ?International Conference on Imaging and Characterization ?Future Technologies and Applications. (Congresso)		
{18}		SALES, P. T. F.; BARA, M. T. F.; DE OLIVEIRA, S. B.; BOTTLINGER, M.; OJALA, S. A.; KEISKI, R. L.	Combined theoretical and experimental study of acyclovir degradation in hydrothermal carbonization process	2020	ICFUTURE2020 ?International Conference on Imaging and Characterization ?Future Technologies and Applications. (Congresso)		
{18}		SALES, P. T. F.; DE OLIVEIRA, S. B.; BARA, M. T. F.; BOTTLINGER, M.; OJALA, S. A.; KEISKI, R.	Understanding the degradation of sucralose in hydrothermal carbonization process	2020	ICFUTURE2020 ?International Conference on Imaging and Characterization ?Future Technologies and Applications. (Congresso)		
{7}		SOARES, E. P.; BORGES, E. C. L.; SA, F. P.	Tratamento de Efluente Sintético Composto pelos Corantes Alimentícios, Amarelo Tartrazina, Azul Indigotina e Vermelho Ponceau, por Fotodegradação Ultravioleta	2020	13º Seminário de Iniciação Científica e Tecnológica do IFG. (Seminario)		
{18}		SOUZA, K. M.; TEIXEIRA, R. P.; SALES, P. T. F.; DE OLIVEIRA, S. B.; SCHIMIDT, F.; SANTIAGO, M. F.	Detection of caffeine, and hormones in samples from Meia Ponte River	2020	ICFUTURE2020 ?International Conference on Imaging and Characterization ?Future Technologies and Applications. (Congresso)		
{7}		SOUZA, L. A.; BORGES, E. C. L.; SA, F. P.	Adsorção de Corantes Alimentícios, Vermelho 40 e Amarelo Crepúsculo em Efluente Sintético, por Hidróxidos Duplos Lamelares (HDLs)	2020	13º Seminário de Iniciação Científica e Tecnológica do IFG. (Seminario)		
{7}		VIEIRA, L. L.; BORGES, E. C. L.; SA, F. P.	Reaproveitamento de Resíduos Sólidos Orgânicos para a Geração de Energia Térmica a partir da Biodigestão Aeróbia	2020	13º Seminário de Iniciação Científica e Tecnológica do IFG. (Seminario)		
{17}		CAIXETA, V.; CAMPOS, A. T.; SIQUEIRA, M. B. B.; DA FONSECA, R. C. B.; BRAGA, G. C. B.; ALVES, A.	SIMULAÇÃO NUMÉRICA DA EXAUSTÃO DE FUMAÇA POR MEIO DE CONVECÇÃO NATURAL EM DUTOS DE ESCADAS DE EMERGÊNCIA	2019	IBERIAN-LATIN-AMERICAN CONGRESS ON FIRE SAFETY (5 CILASCI). (Congresso)		
{7}		CALIL, M. M.; MOTA, K. M.; SA, F. P.; BORGES, E. C. L.	Processo Eletrolítico para Tratamento de Água	2019	VIII Seminário sobre Tecnologias Limpas. (Seminario)		
{7}		CALIL, M. M.; MOTA, K. M.; SA, F. P.; BORGES, E. C. L.	Química Verde: Processo Eletrolítico para Tratamento de Água Bruta	2019	12º Seminário de Iniciação Científica e Tecnológica do IFG. (Seminario)		
{7}		CARDOSO, P. H. S.; BORGES, E. C. L.; SA, F. P.	Adsorção de Corante Alimentício Amarelo Tartrazina por Hidrocalumita	2019	59º Congresso Brasileiro de Química. (Congresso)		
{7}		CARVALHAIS, A. L. A.; LOPES, W. O.; BORGES, E. C. L.; SA, F. P.	Desenvolvimento de Sistema Automatizado para Medidas de Eficiência de Células Fotovoltaicas Orgânicas Sensibilizadas por Corantes	2019	12º Seminário de Iniciação Científica e Tecnológica do IFG. (Seminario)		
{7}		CARVALHAIS, A. L. A.; LOPES, W. O.; SA, F. P.; BORGES, E. C. L.	Estudo da Eficiência de Células Fotovoltaicas Orgânicas Sensibilizadas por Corantes	2019	VIII Seminário sobre Tecnologias Limpas. (Seminario)		
{17}		JUNIOR AMARAL, P. R. R.; BRAGA, G. C. B.; CAMPOS, A. T.; SIQUEIRA, M. B. B.; DA FONSECA, R. C.; ALVES, A. B. C. G.	PROTOTIPAGEM DA EXAUSTÃO DE FUMAÇA POR MEIO DE CONVECÇÃO NATURAL EM DUTOS DE ESCADA DE EMERGÊNCIA	2019	IBERIAN-LATIN-AMERICAN CONGRESS ON FIRE SAFETY (5 CILASCI). (Congresso)		
{1}		PORTIS, G. T.; SOUZA, J. F.; SANTOS, A. M. D.	ANÁLISE ESPAÇO-TEMPORAL DA ALTERAÇÃO NO USO DO SOLO NA REGIÃO DA RUA 44 EM GOIÂNIA, E SEUS IMPACTOS NA ACESSIBILIDADE E MOBILIDADE URBANA	2019	6° Fórum Goiano de Mobilidade Urbana e Trânsito. (Outra)		
{1}		SANTOS, A. M. D.; MEIRELE, L. K. A.; SO, P. T. O.	APRENDER FAZENDO: RELATO DE UMA EXPERIÊNCIA EM EDUCAÇÃO PARA O TRÂNSITO NA REDE ESTADUAL DE ENSINO, CIDADE DE GOIÂNIA	2019	6° Fórum Goiano de Mobilidade Urbana e Trânsito. (Outra)		
{1}		SANTOS, A. M. D.; MEIRELES, J. L.; SO, V. C. O.	EDUCAÇÃO PARA O TRÂNSITO NUMA ESCOLA DA REDE MUNICIPAL DE ENSINO, CIDADE DE GOIÂNIA	2019	6° Fórum Goiano de Mobilidade Urbana e Trânsito. (Outra)		
{7}		SILVA, H. C.; SILVA, J. S.; BORGES, E. C. L.; SA, F. P.	Tratamento de Efluente Sintético Colorido, por Nanocompósitos Magnéticos Lamelares #61543;-Fe2O3/HDL e #61543;-Fe2O3/Ca	2019	VIII Seminário sobre Tecnologias Limpas. (Seminario)		
{7}		SILVA, H. C.; SILVA, J. S.; BORGES, E. C. L.; SA, F. P.	Tratamento de Efluente Sintético Composto pelos Corantes Alimentícios, Amarelo Tartrazina e Azul Indigotina, por Nanocompósitos Magnéticos Lamelares -Fe2O3/HDL e -Fe2O3/Carvão Ativado	2019	12º Seminário de Iniciação Científica e Tecnológica do IFG. (Seminario)		
{7}		ALMEIDA, C. G.; VIEIRA, C. M. S.; SA, F. P.; BORGES, E. C. L.	Determinação da Migração de Metais das Panelas Durante o Cozimento de Alimentos	2018	11º Seminário de Iniciação Científica e Tecnológica do IFG. (Seminario)		
{18}		ALVES, A. C. F.; SCALIZE, P. S.; MURILO, D. V. T.; CARVALHO, M. F.; GIL, E. S.; DE OLIVEIRA, S. B.	Estudo eletroquímico da adsorção de bisfenol A em carvão ativado comercial	2018	XXIII Congreso de la Sociedad Iberoamericana de Electroquímica. (Congresso)		
{5}		CREMON, E.; SILVA, A. M. S.; MONTANHER, O. C.	Estimativa de sedimentos suspensos por reflectância aparente dos dados TM/Landsat-5 no rio Araguaia	2018	XII Simpósio Nacional de Geomorfologia - SINAGEO. (Simposio)		
{18}		DE OLIVEIRA, S. B.	O Profissional da química: Setor produtivo	2018	2a. Semana da Química do IFGoiano - Campus Iporá. (Conferencia)		
{18}		DE OLIVEIRA, S. B.	MotoDéco	2018	3a. SECITEC 2018. (Conferencia)		
{18}		DE OLIVEIRA, S. B.	Água subcr´tica e supercrítica - aplicações tecnológicas	2018	1º Encontro Nacional de Hidrotecnologia. (Conferencia)		
{7}		FILHO JESU, P. S.; SA, F. P.; BORGES, E. C. L.	Tratamento de Efluente Composto pelos Corantes Alimentícios Amarelo Crepúsculo e Azul Indigotina, Utilizando Radiação Solar	2018	11º Seminário de Iniciação Científica e Tecnológica do IFG. (Seminario)		
{7}		GARCIA, R. Q.; SANTOS, M. G. S.; SA, F. P.	Estudo da Interferência da Poluiçao Luminosa nas Observações Astronômicas	2018	VIII Seminário Local de Iniciação Científica. (Seminario)		
{7}		GARCIA, R. Q.; SANTOS, M. G. S.; SA, F. P.	A Influência da Poluição Luminosa nas Observações Astronômicas	2018	11º Seminário de Iniciação Científica e Tecnológica do IFG. (Seminario)		
{2}		MATIAS, C. A.; FURRIEL, G. P.; SANTOS, L. M.; ALVES, A. J.; BARBOSA, J. L. F.; OLIVEIRA, S. B.; CALIXTO, W. P.	optimized solar simulator structure for uniform irradiance distribution	2018	18th IEEE International conference on environment and electrical engineering (IEEE/EEEIC). (Congresso)		
{7}		NETO CAMP, V. G.; SILVEIRA, J. M. D.; SILVA, W. D.; SA, F. P.; BORGES, E. C. L.	Monitoramento Químico e Microbiológico das Águas do IFG - Câmpus Inhumas	2018	11º Seminário de Iniciação Científica e Tecnológica do IFG. (Seminario)		
{4}		NETO D; DOMINGUES, E. G.; PINTO, L. S.	Risk Analysis of Levelized Cost of Electricity to Renewable Energy in Brazil	2018	18th International Conference on Environment and Electrical Engineering. (Conferencia)		
{15}		OLIVEIRA, L.	Avaliação da Poluição Sonora em Estabelecimentos Educacionais de Goiânia, Goiás, Brasil	2018	XIV - Simpósio Ítalo Brasileiro de Engenharia Sanitária e Ambiental. (Simposio)		
{18}		OLIVEIRA, S. B.	Vaorização e Tratamento de resíduos em Condições Subcríticas e Supercríticas	2018	VI Simpósio da Engenharia Ambiental e Sanitária da FAMA. (Conferencia)		
{4}		PINTO, L. S.; NETO D; DOMINGUES, E. G.	Investment Risk Analysis of Electricity Generation from Vinasse Biodigestion in the Free Contracting Environment	2018	18th International Conference on Environment and Electrical Engineering. (Conferencia)		
{7}		SA, F. P.	Termovalorização de Resíduos Sólidos Urbanos por Processo Aeróbio - Combustível Derivado de RSU	2018	VIII Seminário Local de Iniciação Científica. (Seminario)		
{7}		SA, F. P.	Adsorção e Fotodegradação para Tratamento de Efluentes de Indústrias Alimentícias	2018	I Semana da Engenharia Química. (Conferencia)		
{7}		SA, F. P.; COSTA, L. S. O.	Mesa Redonda - A Iniciação Científica no IFG	2018	VIII Seminário Local de Iniciação Científica. (Seminario)		
{7}		SA, F. P.; LIMA, L. P.; BORGES, E. C. L.	Estudio de Fotodegradación de Efluente Sintético Compuesto por los Colorantes Alimenticios, Rojo de Eritrosina y Azul Brillante: Utilizando Radiación Ultravioleta	2018	XII Congreso Internacional de Desalación y Reutilización (AEDYR). (Congresso)		
{7}		SA, F. P.; RESENDE, L. N.; BORGES, E. C. L.	Estudio de la Influencia del pH sobre la Fotodegradación del Colorante Amaranto por Radiación Solar	2018	XII Congreso Internacional de Desalación y Reutilización (AEDYR). (Congresso)		
{7}		SANTOS, G. L. S.; SA, F. P.	Estudo da Eficiência de Compostos Orgânicos Biodigeridos na Geração de Energia Elétrica	2018	VIII Seminário Local de Iniciação Científica. (Seminario)		
{2}		SANTOS, L. M.; ALVES, A. J.; SALLES, D. M.; MATIAS, C. A.; DOMINGOS, J. L.; DOMINGOS, E. G.; OLIVEIRA, S. B.	Water application system on the surface of photovoltaic panels to improve energy efficiency	2018	18th IEEE International conference on environment and electrical engineering (IEEE/EEEIC). (Congresso)		
{7}		SILVA, J. H.; OLIVEIRA, G. D.; PATRIARCA, B. M.; SA, F. P.	Estudo da Eficiência de Células Fotovoltaicas Orgânicas Sensibilizadas por Corantes Alimentícios	2018	11º Seminário de Iniciação Científica e Tecnológica do IFG. (Seminario)		
{7}		SILVA, J. S.; SILVA, H. C.; SA, F. P.	Adsorção do Corante Alimentício, Amarelo Tartrazina, por Nanocompósitos Magnéticos Lamelares #61543;-Fe2o3/Hdl e #61543;-Fe2o3/Carvão Ativado	2018	VIII Seminário Local de Iniciação Científica. (Seminario)		
{7}		SILVA, J. S.; SILVA, H. C.; SA, F. P.	Adsorção de Corante Alimentício Amarelo Tartrazina por Nanocompósitos Magnéticos Lamelares	2018	11º Seminário de Iniciação Científica e Tecnológica do IFG. (Seminario)		
{1}		VIEIRA, J. C. S.; ABREU, G. P.; SANTOS, A. M. D.	Análise espacial dos Acidentes nas Rodovias Federais em Goiás/2016	2018	5° Fórum Goiano de Mobilidade Urbana e Trânsito e V Seminário de Saúde Pública e Trânsito. (Outra)		
{12}		ZANG, J. W.	Biogas ? um multitalento. De resíduos para energia e materiais	2018	A política nacional de Biocombustíveis: os impactos do RenovaBio.. (Conferencia)		
{12}		ZANG, J. W.; MARTINS, K. F.; DA FONSECA-ZANG, W. A.	ICEER 2018	2018	5th International Conference on Energy and Environment Research - ICEER 2018. (Congresso)		
{7}		ANTONIO, D. L. A.; PACHECO, G. M. F. G.; SA, F. P.; CAIADO, K. L.	Estudo da Adsorção dos Corantes Alimentícios, Verde Rápido e Vermelho Eritrosina, com o uso de Nanocompósito Magnético #61543;-Fe2O3/Carvão Ativado	2017	Simpósio de Pesquisa, Ensino e Extensão - SIMPEEX. (Simposio)		
{18}		ARAUJO, V. K. A.; ALMEIDA, S.; DE OLIVEIRA, S. B.; CALIXTO, W.; FURRIEL, G. P.; BARBOSA, D. P.	Anaerobic digestion using residue of soybean processing: biogas production and it is potential to generate energy	2017	18th International Scientific Conference on Electric Power Engineering (EPE 2017). (Congresso)		
{18}		BALEEIRO, F.; OLIVEIRA, S. B.; BARROS, K.; OTHONI, L.; NATAL, B.; XAVIER, M.	ESTUDO CINÉTICO DA ADSORÇÃO DE CORANTE TARTRAZINA PELO AGAÇO DE CANA TRATADO HIDROTERMICAMENTE EM PRESENÇA DE GLICEROL BRUTO EM PH ÁCIDO E ALCALINO	2017	57º Congresso Brasileiro de Química. (Congresso)		
{2}		BEZERRA, C. D. S.; CALIXTO, W. P.; REIS, M. R. C.; BEZERRA, C. A. V.; ALVES, A. J.	Optimization of the Operation Power of DC-DC Converters Applied to Thermogenerators	2017	18th International Scientific Conference on Electric Power Engineering (EPE). (Congresso)		
{5}		CREMON, E. H.; ROSSETTI, D.	Morphodynamics and Anabranching Pattern of Branco River - Northern Amazonia	2017	9th International Conference on Geomorphology. (Conferencia)		
{17}		CUNHA, L. M. P.; ARAUJO, H. C. M. P.; FELIX, F. A.; FELIX, S. A. A.; DA FONSECA, R. C.	CURVAS CÔNICAS E SUAS APLICAÇÕES EM PROBLEMAS DE TRAJETÓRIAS USANDO O SOFTWARE GEOGEBRA	2017	III Congresso de Ciência e Tecnologia da PUC Goiás. (Congresso)		
{14}		DOMINGOS, J. L.	Eficiência Energética e Geração Distribuída no Contexto das Energias Renováveis	2017	IV Semana de Engenharia do Departamento de Áreas Acadêmicas IV do Campus Goiãnia da do IFG. (Conferencia)		
{17}		FELIX, F. A.; FELIX, S. A. A.; CUNHA, L. M. P.; ARAUJO, H. C. M. P.; DA FONSECA, R. C.	FUNÇÕES SENO E COSSENO E SUAS RELAÇÕES NOS MCU E MHS USANDO O SOFTWARE GEOGEBRA	2017	III Congresso de Ciência e Tecnologia da PUC Goiás 2017. (Congresso)		
{17}		FERREIRA, F. C. O.; OLIVEIRA, M. M.; DA FONSECA, R. C.	Modelagem Matemática das equações que descrevem as Superfícies Quádricas Centradas com o recurso do software GeoGebra	2017	Simpósio de Pesquisa, Ensino e Extensão do Instituto Federal de Goiás. (Simposio)		
{2}		FERREIRA, L. G. G. B.; DOMINGOS, J. L.; ALVES, A. J.; CALIXTO, W. P.; DOMINGOS, E. G.; LIMA, R. A.	Wind´s actions effects on photovoltaic panels installed on rooftop of buildings	2017	18th International Scientific Conference on Electric Power Engineering (EPE). (Congresso)		
{2}		LEOVIR, C. A.; MAGALHAES, A. S.; SILVA, A. H. F.; CALIXTO, W. P.; ALVES, A. J.; MATIAS, C. A.; DOMINGOS, E. G.; DOMINGOS, J. L.	Attenuation methodology for torque oscillation in synchronous machine	2017	URUCON 2017. (Congresso)		
{2}		LEOVIR, C. A.; MAGALHAES, A. S.; SILVA, A. H. F.; CALIXTO, W. P.; ALVES, A. J.; MATIAS, C. A.; DOMINGOS, E. G.; DOMINGOS, J. L.	AC components insertion into rotor of synchronous generator for damping of harmonics on current in bar	2017	URUCON 2017. (Congresso)		
{7}		NETO CAMP, V. G.; SA, F. P.	Reaproveitamento de Águas Plúviais	2017	I Mostra Científica - III Simpósio de Educação, Tecnologia e Sociedade. (Outra)		
{4}		NETO PINHEI, D.; DOMINGUES, E. G.; ALVES, A. J.; CALIXTO, W. P.	Investment Risk Analysis for Small Hydro Power Plants in the Short Term Market in Brazil	2017	IEEE Chilecon. (Congresso)		
{17}		OLIVEIRA, M. M.; SOUZA, C. R.; DA FONSECA, R. C.	MODELAGEM MATEMÁTICA DAS EQUAÇÕES QUE DESCREVEM AS SUPERFÍCIES QUÁDRICAS NÃO CENTRADAS COM O RECURSO DOS SOFTWARES GEOGEBRA E MAPLE	2017	Simpósio de Pesquisa, Ensino e Extensão do Instituto Federal de Goiás. (Simposio)		
{18}		OLIVEIRA, S. B.	Produção de Bioenergia a partir de resíduos	2017	I Encontro Regional da Sociedade Brasileira de Química ? Centro-Oeste. (Conferencia)		
{18}		OLIVEIRA, S. B.; BARBOSA, D. P.; CUNHA, K. C.	PRODUÇÃO DE BIOGAS A PARTIR DA MISTURA DE LODO GERADO EM INDÚSTRIA ALIMENTÍCIA E DO GLICEROL BRUTO PROVENIENTE DA FABRICAÇÃO DE BIODIESEL	2017	V Simpósio Internacional sobre gerenciamento de resíduos agropecuários e agroindustriais. (Simposio)		
{18}		PACHECO, R. V.; GORETE, M. E.; SUZUKI, L.; BRUM, S. S.; OLIVEIRA, S. B.	MATERIAIS CARBONÁCEOS OBTIDOS A PARTIR DA CARBONIZAÇÃO HIDROTÉRMICA DE ESPÉCIES DO TIPO MAGONIA PUBESCENS (TINGUI) E SUA AVALIAÇÃO EM PROCESSOS DE ADSORÇÃO	2017	VII CONGRESSO BRASILEIRO DE CARBONO. (Congresso)		
{17}		QUEIROZ, L. L. M.; QUEIROZ, M. L. M.; DA FONSECA, R. C.	ESTUDO SOBRE AS TRELIÇAS APLICADO À ENGENHARIA DE TRANSPORTES	2017	Simpósio de Pesquisa, Ensino e Extensão do Instituto Federal de Goiás. (Simposio)		
{18}		RAMOS, I. M. A.; FARIAS, F. P.; FARIA, S. P.; SANTIAGO, M. F.; OLIVEIRA, S. B.	Pré-Tratamento ENZIMÁTICO DE cana energia para Produção de Biogás	2017	X Encontro Nacional de Tecnologia Química. (Outra)		
{18}		RAMOS, I. M. A.; SANTIAGO, M. F.; FARIAS, F. P.; OLIVEIRA, S. B.; FARIA, S. P.	PRÉTRATAMENTO ENZIMÁTICO DE CANA ENERGIA PARA OBTENÇÃO DE BIOGÁS	2017	X ENCONTRO NACIONAL DE TECNOLOGIA QUÍMICA. (Congresso)		
{7}		RODRIGUES, H. O.; SA, F. P.; BORGES, E. C. L.	Estudo de Adsorção do Corante Alimentício, Azul Brilhante, de Soluções Aquosas com o uso de Hidróxido Duplo Lamelar (HDL)	2017	Simpósio de Pesquisa, Ensino e Extensão - SIMPEEX. (Simposio)		
{7}		SA, F. P.; BORGES, E. C. L.; GARCIA, R. M.	Photodegradation of Food Dye, Red 40, Using Ultraviolet Radiation	2017	10th World Congress of Chemical Engineering. (Congresso)		
{7}		SANTOS, G. L. S.; SA, F. P.	Energia Limpa: Motor de Stirling	2017	I Mostra Científica - III Simpósio de Educação, Tecnologia e Sociedade. (Outra)		
{2}		SANTOS, L. M.; ALVES, A. J.; SALLES, D. M.; MATIAS, C. A.; DOMINGOS, J. L.; DOMINGUES, E. G.; CALIXTO, W. P.	Technical Analysis of the application of water in the improvement of the electrical efficiency in photovoltaic panels	2017	URUCON 2017. (Congresso)		
{7}		SANTOS, M. G. S.; GARCIA, R. Q.; SA, F. P.	A Influência das Poluições, Atmosférica e Luminosa, nas Observações Astronômicas	2017	Simpósio de Pesquisa, Ensino e Extensão ? SIMPEEX. (Simposio)		
{7}		SILVA, M. A. L. A.; RODRIGUES, H. O.; SA, F. P.	Filtro Magnético Dinâmico	2017	I Mostra Científica - III Simpósio de Educação, Tecnologia e Sociedade. (Outra)		
{7}		SILVA, M. A. L. A.; SA, F. P.	Adsorção por Nanocompósitos Magnéticos Lamelares #61543;-Fe2o3/HDL, do Corante Alimentício, Vermelho Bordeuax	2017	Simpósio de Pesquisa, Ensino e Extensão ? SIMPEEX. (Simposio)		
{18}		SILVA, T. S. R.; ALMEIDA, S.; OLIVEIRA, S. B.; COELHO, W. B.; LIMA, W.; GOMES, R. A. M.	Estudo da composição de biogás gerado a partir da cana-de-açucar como biomassa em reatores de fluxo semi-contínuo	2017	V Simpósio Internacional sobre gerenciamento de resíduos agropecuários e agroindustriais. (Simposio)		
{12}		SOUSA, G. A.; ZANG, J. W.; LEANDRO, W. M.; LEITE, A. F.; DA SILVA, S. V.; DA FONSECA-ZANG, W. A.	Study of Implementation of Biogas Production in the Fruits and Vegetables Wholesale CEASA-GO, Goiás, Brazil	2017	Tropentag 2017. (Conferencia)		
{17}		SOUZA, F. F.; SOUZA, D. B.; ROSA, Y. F.; DA FONSECA, R. C.	UM ESTUDO DO DÍODO EMISSOR DE LUZ (LED) E SUAS APLICAÇÕES FÍSICAS NAS ENGENHARIAS	2017	Simpósio de Pesquisa, Ensino e Extensão do Instituto Federal de Goiás. (Simposio)		
{2}		TSURUDA, L. K.; VITOR, L. R.; SALLES, D. M.; SOUZA, M. B. S. E.; ALVES, A. J.; RODRIGUES, L.; CALIXTO, W. P.	Energy efficiency,rationalization of energy and water consumption, in popular houses	2017	18th International Scientific Conference on Electric Power Engineering (EPE). (Congresso)		
{2}		ALVES, A. J.; FURRIEL, G. P.; CALIXTO, W. P.; GODOI, F. F. F.; SILVA, J. R. S.; PROFETA, F. A.; DOMINGOS, J. L.	Geoelectrical Method to Obtain 3D Maps for Distribution of Fertilizer in the Soil	2016	16 IEEE International Conference on Environment and Electrical Engineering (EEEIC 2016)quot;. (Congresso)		
{18}		ANTUNES, G. G. B.; SOBRINHO, T. S.; OLIVEIRA, B. A.; DE OLIVEIRA, S. B.; CASTRO, T. C.; MARCOS, R. V.	Fotodegradação Catalítica de Cristal Violeta em Reator piloto descontínuo de escoamento pistonado	2016	11º Encontro Nacional de Catálise N/NE/DF. (Simposio)		
{21}		DA FONSECA-ZANG, W. A.	Workshop de doutores do Reino Unido e do Brasil tema: agua, saneamento e energia conexa	2016	Workshop de doutores - Researcher Links - Newton Fund. (Outra)		
{15}		MARQUES, E. M.; MOREIRA, S. J.; COSTA, J. J. L.; OLIVEIRA, L. N.	AVALIAÇÃO DOS NÍVEIS DE PRESSÃO SONORA NO PARQUE VACA BRAVA - GOIÂNIA, GOIÁS, BRASIL	2016	XXXIII Semana da Física. (Outra)		
{15}		MOREIRA, S. J.; COSTA, J. J. L.; OLIVEIRA, L. N.	AVALIAÇÃO DA POLUIÇÃO SONORA EM AMBIENTE EDUCACIONAL NA ZONA CENTRAL DE GOIÂNIA	2016	XXXIII Semana da Física. (Outra)		
{15}		SANTOS, D. A. M. D.; OLIVEIRA, F. L.; NASCIMENTO, E. O.; OLIVEIRA, L. N.	DETERMINAÇÃO DOS NÍVEIS DE PRESSÃO SONORA (NPS) ATRAVÉS DE EQUIPAMENTO MOBILE E SIMULAÇÃO COMPUTACIONAL	2016	XXXIII Semana da Física. (Outra)		
{12}		ZANG, J. W.	Cooperation for Sustainable development	2016	Low Carbon Business Action in Brazil - Biogas and Biomethane. (Outra)		
{12}		ZANG, J. W.	Produção de Biogas no Brasil	2016	ENTQUI - 9o Encontro Nacional de Tecnologia Química. (Conferencia)		
{18}		CARVALHO, L. L.; SANTANA, I. M.; DE OLIVEIRA, S. B.; COLMATI, F. J.	Síntese de Polianilina a partir de anailina por método eletroquímico em eletrodo de aço inoxdável AISI 304	2015	Pós Graduação em Química realiza 1º Workshop. (Seminario)		
{18}		COLMATI, F. J.; OLIVEIRA, S. B.	Síntese de polímeros condutores nano-estruturados à base de polianilina/polipirrol para aplicação em prótese corpórea	2015	9 ° SIMPEX do IFG. (Seminario)		
{15}		DINIZ, G. C.; OLIVEIRA, F. L.; OLIVEIRA, L. N.	Avaliação de um 'website' para auxilio no ensino de Física	2015	2 Semana de Física do IFG. (Comunicacao)		
{2}		FARIA, M. A. A.; STECANELLA, P. A. J.; ALVES, A. J.; DOMINGUES, E. G.; GOMES, P. H. G.; CALIXTO, W. P.	Modeling, simulation and control of a Thermoelectric Generator	2015	15th IEEE International Conference on Environment and Electrical Engineering. (Congresso)		
{2}		FURRIEL, G. P.; CALIXTO, W. P.; ALVES, A. J.; FILHO SILV, A. M.; OLIVEIRA, S. G. M.; DOMINGOS, J. L.; DOMINGOS, E. G.	Automatic Instrument for Measuring Soil Penetration Resistance	2015	IEEE Chilecon 2015. (Congresso)		
{2}		GOMES, P. H. G.; CALIXTO, W. P.; ALVES, A. J.; STECANELLA, P. A. J.; FARIA, M. A. A.; DOMINGOS, E. G.	Optimized exhaust duct applied in thermoelectric waste heat recovery system	2015	23rd ABCM International Congress of Mechanical Engineering- COBEM 2015. (Congresso)		
{18}		KCGS, C.; IM, S.; CARVALHO, I.; OLIVEIRA, S. B.; COLMATI, F. J.	Sintese eletroquímica de copolímero condutor nanoestruturado à base de polianilina e polipirrol	2015	55° Congresso Brasileiro de Química. (Congresso)		
{18, 12}		COSTA, L. F. S.; LEANDRO, W. M.; ZANG, J. W.; FONSECA-ZANG, W.; LEITE, A. F.; OLIVEIRA, S. B.	Avaliação de potencial de produção de biometano a partir de resíduos da produção de açucar e etanol	2015	10° Congresso Internacional de Bioenergia. (Congresso)		
{18}		MELO, T. M.; BOTTLINGER, M.; LEANDRO, W. M.; OLIVEIRA, S. B.; SCHULZ, E.; RINKLEBE, J.; MUNIZ, M. P.; STRAHL, R.	Sewage sludge hydrocar as a potential fertilizer in crop plants in soil of the Brazilian savana	2015	Understanding biochar mechanisms for pratical implemantation. (Simposio)		
{15}		NASCIMENTO, E. O.; COSTA, R. G.; OLIVEIRA, L. N.	Evaluation of dose rate in intersticial brachytherapy for IR-192	2015	2 Semana de Física do IFG. (Comunicacao)		
{15}		NASCIMENTO, E. O.; OLIVEIRA, L. N.	Simulação numérica de escoamento numa cavidade 2D via equações de Navier-Stokes	2015	2 Semana de Física do IFG. (Comunicacao)		
{15}		OLIVEIRA, F. L.; OLIVEIRA, L. N.; PIRES, D. A. M.	A interdiciplinariedade no ensino de Física e Filosofia para o Ensino Médio:Criando pontes entre dois mundos	2015	2 Semana de Física do IFG. (Comunicacao)		
{15}		OLIVEIRA, F. L.; OLIVEIRA, L. N.; SOUSA, P. B.	Webquest como ferramenta no aprendizado de Física e Biologia	2015	2 Semana de Física do IFG. (Comunicacao)		
{15}		OLIVEIRA, R. A.; JUNIOR MORAIS, P. A.; OLIVEIRA, L. N.	Identificação das concepções dos estudantes de cursos técnicos sobre as atividades experimentais de ensino de Física	2015	2 Semana de Física do IFG. (Comunicacao)		
{18}		PACHECO, R. V.; DE OLIVEIRA, S. B.; BARBOSA, D. P.; BOTTLINGER, M.	Análise das Propriedades Estruturais e Químicas do Carvão Ativado Polimérico a partir de carbonização hidrotermal para aplicação como suporte de catalisador	2015	8º Encontro Nacional de Tecnologia Química. (Congresso)		
{18}		REZENDE, A. A.; OLIVEIRA, S. B.	Redução de espécies nitrato e nitrito em água potável sobre catalisadores de Ag-TiO2/Polianilina	2015	9º Workshop de Iniciação Científica. (Congresso)		
{12}		ZANG, J. W.; DA FONSECA-ZANG, W. A.	German-Brazilian Cooperation Projects for Sustainable Development ? from Academy to Economy and Society	2015	3o Seminário Brasil-Alemanha de Inovação. (Simposio)		
{12}		ZANG, J. W.; DA FONSECA-ZANG, W. A.	Brazilian-European cooperation projects for sustainable development ? biofuels based on sideproducts from sugar-cane processing.	2015	FAPESP ? BRAZIL-EU Workshop: Coordinated Call on Advanced Biofuels HORIZON2020. (Conferencia)		
{2}		ALVES, A. J.	Paradigmas da pesquisa científica	2014	Seminário de Iniciação científica. (Seminario)		
{2}		ALVES, A. J.	Fontes Alternativas de Energia Elétrica	2014	2a Semana de Engenharia e Tecnologia do Departamento IV. (Simposio)		
{18, 2}		ALVES, A. J.; ALMEIDA, C. A.; CALIXTO, W. P.; DOMINGUES, E. G.; ZANG, J. W.; OLIVEIRA, S. B.	Study of parameters for the design of a continous flow laboratory biogas reactor.	2014	INTERNATIONAL CONFERENCE ON RENEWABLE ENERGY AND POWER QUALITY. (Conferencia)		
{15}		NASCIMENTO, E. O.; OLIVEIRA, L. N.	Congresso de Engenharia e Tecnologia	2014	Congresso de Engenharia e Tecnologia. (Congresso)		
{18}		OLIVEIRA, S. B.	Tecnologias Sustentáveis na Área de Química	2014	Semana Meio Ambiente - Faculdade Araguaia. (Conferencia)		
{18}		OLIVEIRA, S. B.; CANDIDO, R.	Tecnologias de Processos Sustentáveis ?Profissional da Área de Meio Ambiente	2014	Semana Meio Ambiente - AGABRA. (Conferencia)		
{12}		ZANG, J. W.; FONSECA-ZANG, W.	Bioenergy in the Brazilian State of Goiás Situation and Perspectives	2014	PuresBIO e ASHES Pre-Kickoff-Meeting. (Conferencia)		
{2}		ALVES, A. J.; CALIXTO, W. P.; DOMINGUES, E. G.; ALVARENGA, B.; BARBOSA, J. L. F.	Pump Speed Control in Center Pivot Irrigation System - A pespective of Rationalization and Quality of Energy	2013	13th Spanish portuguese conference on electrical engineering 13CHLIE. (Conferencia)		
{8}		RIBEIRO, P. G.; CAPONI, A. P.; SCHIMIDT, F.; MENDONCA, D. F.	Produção de Biodiesel em laboratório: uma abordagem sistematizada e contextualizada com aplicação de minicurso	2013	65ª Reunião Anual da SBPC. (Congresso)		
{8}		SCHIMIDT, F.	Análise de parâmetros ambientais e quimicos em corpos hidricos	2013	7o. Simpósio de Pesquisa, Ensino e Extensão do Instituto Federal de Goiás. (Simposio)		
{8}		SCHIMIDT, F.	Análise de parâmetros fisico-quimicos e ambientais por PCA no Rio Meia Ponte em Goiás	2013	17º Encontro Nacional de Química Analítica. (Congresso)		
{12}		ZANG, J. W.; FONSECA-ZANG, W.	IFG in the State of Goiás in Brazil Situation and Perspectives	2013	iNopa Pre-Kickoff-Meeting. (Conferencia)		
{22}		CALIXTO, W. P.	Introdução ao Sistema a Eventos Discretos através de Ferramentas Computacionais	2012	. (Conferencia)		
{22}		CALIXTO, W. P.	Sistema a Eventos Discretos	2012	. (Conferencia)		
{22}		CALIXTO, W. P.	Secção Áurea: A Linguagem Matemática da Beleza	2012	II Seminário da Engenharia de Controle e Automação. (Conferencia)		
{22}		CALIXTO, W. P.	Métodos de Otimização Aplicados a Sistemas Reais: processo de otimização heurístico	2012	I Semana de Engenharia Elétrica do Instituto Unificado de Ensino Superior Objetivo. (Conferencia)		
{22}		CALIXTO, W. P.	Processos de Otimização Utilizando Heurísticas Modernas	2012	I WorkShop do Programa de Pós-Graduação em Engenharia de Sistemas Eletrônicos. (Conferencia)		
{22}		CALIXTO, W. P.	Otimização em Sistemas	2012	1ª Semana de Eletrônica e Telecomunicações. (Conferencia)		
{22}		CALIXTO, W. P.; ALVARENGA, B. P.; BRITO, L. C.; ALVES, A. J.; SOARES, M. G.; SILVA, F. R. A.; NETO MARTI, L.	Methodology for Tridimensional Geoelectrical Prospection	2012	IV Simpósio Brasileiro de Sistemas Elétricos ? IV SBSE. (Congresso)		
{18}		OLIVEIRA, S. B.; FERNANDES, I. L.; DA COSTA, O. S.; BARBOSA, D. P.	Redução Fotocatalítica de espécie nitrito em água sobre catalisador monometálico suportado em titânia	2012	6º Seminário de Iniciação Científica e Tecnologia e 2º Encontro do Programa Institucional de Bolsas de Iniciação à Docência do IFG. (Seminario)		
{8}		SCHIMIDT, F.	Análise de parâmetro ambientais e químicos em corpos hídricos	2012	6º SEMINÁRIO DE INICIAÇÃO CIENTÍFICA E TECNOLÓGICA. (Seminario)		
{12}		ZANG, J. W.; FONSECA-ZANG, W.; LEANDRO, W. M.; DE OLIVEIRA, S. B.	Biomethane Produced from Vinasse of Sugar Cane Based Ethanolproduction in Brazil	2012	3rd International CLIB-Conference. (Conferencia)		
